"kind","workflow","capability","project_or_gap","repository","browser_technology","license_snapshot_2026_08_28","result","notes"
"candidate","audio","waveform editing","AudioMass","https://github.com/pkalogiros/AudioMass","JavaScript; Web Audio","MIT","READY","Not a professional multitrack DAW"
"candidate","design","raster image editing","miniPaint","https://github.com/viliusle/miniPaint","JavaScript; Canvas","MIT","READY","Broad creative workflow value"
"candidate","design","vector image editing","SVG-Edit","https://github.com/SVG-Edit/svgedit","JavaScript; SVG","MIT","READY","Browser-native vector editor"
"candidate","diagrams","diagram and whiteboard editor","draw.io","https://github.com/jgraph/drawio","JavaScript; browser","Apache-2.0 code; stencil terms separate","READY","Review stencils and trademarks"
"candidate","games","sprite and pixel art","Piskel","https://github.com/piskelapp/piskel","JavaScript; browser","Apache-2.0","READY","Safer first integration than Pixelorama"
"candidate","games","pixel art and animation","Pixelorama","https://github.com/Orama-Interactive/Pixelorama","Godot web export; JS/Wasm loader","MIT","HEAVY ADAPTATION","Canvas-level integration; prototype before commitment"
"candidate","games","low-poly 3D editing","Blockbench","https://github.com/JannisX11/blockbench","JavaScript; WebGL","GPL-3.0","READY","Fills the low-poly 3D workflow step"
"candidate","narrative","branching interactive stories","Twine","https://github.com/klembot/twinejs","TypeScript; browser","GPL-3.0","READY","Narrative tool rather than full game engine"
"candidate","music","music sketching","BeepBox","https://github.com/johnnesky/beepbox","TypeScript; Web Audio","MIT","READY","Compact composition format"
"candidate","music","browser DAW","GridSound","https://github.com/gridsound/daw","JavaScript; Web Audio","AGPL-3.0","HEAVY ADAPTATION","Audit assets submodules and half-open-source statement"
"candidate","research","browser notebook","Starboard Notebook","https://github.com/gzuidhof/starboard-notebook","TypeScript; browser","MPL-2.0","READY REVIEW","Browser-local notebook"
"candidate","games","no-code game editor","GDevelop","https://github.com/4ian/GDevelop","React/JavaScript UI plus browser-compiled core","MIT","HEAVY ADAPTATION","Keep only if web distribution can be sealed and bridged"
"candidate","maker","scripted parametric CAD","JSCAD","https://github.com/jscad/OpenJSCAD.org","JavaScript; WebGL","MIT","READY ADAPT","Browser replacement for a smaller OpenSCAD workflow"
"candidate","writing","structured block editor","Editor.js","https://github.com/codex-team/editor.js","TypeScript","Apache-2.0","BUILD UI","Clean JSON output"
"candidate","writing","rich text editor","Lexical","https://github.com/facebook/lexical","TypeScript","MIT","BUILD UI","Requires document schema and product UI"
"candidate","writing","Notion-style editor","BlockNote","https://github.com/TypeCellOS/BlockNote","TypeScript; React","MPL-2.0 core","BUILD UI","Exclude XL packages unless separately cleared"
"candidate","diagrams","text-to-diagram","Mermaid","https://github.com/mermaid-js/mermaid","TypeScript","MIT","BUILD UI","Highly agentable source format"
"candidate","presentations","HTML presentation runtime","Reveal.js","https://github.com/hakimel/reveal.js","JavaScript","MIT","BUILD UI","Preview and export companion"
"candidate","presentations","Markdown presentation authoring","Slidev","https://github.com/slidevjs/slidev","TypeScript; Vue","MIT","HEAVY ADAPTATION","Build-pipeline assumptions"
"candidate","presentations","Markdown slide renderer","Marp","https://github.com/marp-team/marp","TypeScript","MIT","BUILD UI","Deterministic slide source"
"candidate","motion","code-backed animation","Motion Canvas","https://github.com/motion-canvas/motion-canvas","TypeScript","MIT","HEAVY ADAPTATION","Code-first motion tool"
"candidate","3d","3D scene composer foundation","Babylon.js","https://github.com/BabylonJS/Babylon.js","TypeScript; WebGL/WebGPU","Apache-2.0","BUILD UI","Requires ISPO scene editor"
"candidate","3d","3D viewer/editor foundation","Three.js","https://github.com/mrdoob/three.js","JavaScript; WebGL/WebGPU","MIT","BUILD UI","Requires ISPO product UI"
"candidate","games","2D game builder foundation","Phaser","https://github.com/phaserjs/phaser","JavaScript","MIT","BUILD UI","No complete editor included"
"candidate","games","2D scene and animation foundation","PixiJS","https://github.com/pixijs/pixijs","TypeScript","MIT","BUILD UI","Renderer not a game editor"
"candidate","games","browser game and 3D engine","PlayCanvas Engine","https://github.com/playcanvas/engine","JavaScript; WebGL/WebGPU","MIT","BUILD UI","Hosted editor and services are separate"
"candidate","office","spreadsheet and document foundation","Univer","https://github.com/dream-num/univer","TypeScript","Apache-2.0 core","BUILD UI","Several advanced features are Pro"
"candidate","forms","form and survey builder foundation","JSON Forms","https://github.com/eclipsesource/jsonforms","TypeScript; React","MIT","BUILD UI","Does not host public responses"
"candidate","data","local SQL and file analysis","DuckDB-Wasm","https://github.com/duckdb/duckdb-wasm","TypeScript API; browser Wasm","MIT","BUILD UI","Official JS bridge; CSP and worker review required"
"candidate","data","interactive tables and charts","Perspective","https://github.com/perspective-dev/perspective","TypeScript UI; browser Wasm","Apache-2.0","BUILD UI","Local visual exploration"
"candidate","data","declarative charts","Vega-Lite","https://github.com/vega/vega-lite","TypeScript","BSD-3-Clause","BUILD UI","Agentable chart JSON"
"candidate","maps","geospatial visualization","kepler.gl","https://github.com/keplergl/kepler.gl","TypeScript; React; WebGL","MIT","BUILD UI","Geospatial visualization foundation"
"candidate","ai","transcription TTS and browser ML","Transformers.js","https://github.com/huggingface/transformers.js","JavaScript/TypeScript browser inference","Apache-2.0","BUILD UI","Models and hardware requirements need separate review"
"candidate","documents","PDF viewing","PDF.js","https://github.com/mozilla/pdf.js","JavaScript","Apache-2.0","BUILD UI","Viewer and annotation foundation"
"candidate","documents","PDF creation and modification","pdf-lib","https://github.com/Hopding/pdf-lib","TypeScript","MIT","BUILD UI","Not an electronic signature service"
"service_backed_candidate","presentations","presentation and assembly management","OpenSlides","https://github.com/OpenSlides/OpenSlides","Browser client plus multi-service Docker/PostgreSQL/Redis stack","MIT","SERVICE-BACKED PROTOTYPE","Not in catalog.json; full stack requires privileged runtime review"
"existing","all","sketching and diagrams","Excalidraw","local store app","TypeScript; browser","existing reviewed app","EXISTING","Retained"
"existing","creative","visual reference board","Moodboard","local store app","TypeScript; browser","existing reviewed app","EXISTING","Retained"
"existing","video","video editing","OpenCut","local store app","TypeScript; browser","existing reviewed app","EXISTING","Retained"
"gap","video","screen recording and streaming","OBS Studio / Cap","https://github.com/obsproject/obs-studio","Native Qt/C/C++ GUI","GPL-2.0","GAP","No current Store recording app"
"non_js_alternative","3d","professional modeling and rendering","Blender","https://github.com/blender/blender","Native C/C++ GUI","GPL","NOT STORE-COMPATIBLE","Blockbench and Babylon/Three cover browser workflows"
"non_js_alternative","design","professional digital painting","Krita","https://github.com/KDE/krita","Native C++/Qt GUI","GPL-3.0","NOT STORE-COMPATIBLE","miniPaint fills the browser raster step"
"non_js_alternative","design","professional vector suite","Inkscape","https://gitlab.com/inkscape/inkscape","Native C++/GTK GUI","GPL-2.0+","NOT STORE-COMPATIBLE","SVG-Edit fills the browser vector step"
"non_js_alternative","audio","professional audio editing","Audacity","https://github.com/audacity/audacity","Native C++ GUI","GPL","NOT STORE-COMPATIBLE","AudioMass fills the browser waveform step"
"non_js_alternative","video","professional video editing","Kdenlive / Shotcut","https://invent.kde.org/multimedia/kdenlive","Native desktop GUI","GPL","NOT STORE-COMPATIBLE","OpenCut fills the browser video-editing step"
"non_js_alternative","captions","specialist subtitle editor","Subtitle Edit","https://github.com/SubtitleEdit/subtitleedit","Native .NET GUI","MIT","NOT STORE-COMPATIBLE","Transformers.js plus a custom UI covers captions"
"non_js_alternative","games","native full game engine","Godot","https://github.com/godotengine/godot","Native C++ GUI","MIT","NOT STORE-COMPATIBLE","GDevelop or Phaser/PlayCanvas covers the browser workflow"
"non_js_alternative","games","dedicated level editing","LDtk / Tiled","https://github.com/deepnight/ldtk","Electron-Haxe or native C++ GUI","MIT / GPL","NOT STORE-COMPATIBLE","GDevelop tools or a PixiJS editor cover the step"
"service_backed_candidate","database","full Airtable alternative","Grist / Baserow / Teable / NocoDB","https://github.com/gristlabs/grist-core","Browser clients plus persistent local services","mixed","SERVICE-BACKED PROTOTYPE","Prove persistence process lifecycle and command export"
"service_backed_candidate","design","collaborative product design","Penpot","https://github.com/penpot/penpot","Browser client plus service stack","MPL-2.0","SERVICE-BACKED PROTOTYPE","Excalidraw and SVG-Edit cover browser-only subsets"
"service_backed_candidate","generative_media","image generation workflow","InvokeAI / ComfyUI","https://github.com/invoke-ai/InvokeAI","Browser clients plus Python/GPU services","Apache-2.0 / GPL-3.0","SERVICE-BACKED PROTOTYPE","Review model licenses downloads hardware and runtime policy"
"service_backed_candidate","generative_media","AI video generation and portrait animation","ComfyUI / Wan2.2 / LivePortrait","https://github.com/comfy-org/comfyui","Browser clients plus Python/GPU services","GPL-3.0 / Apache-2.0 / mixed","SERVICE-BACKED PROTOTYPE","No current Store app; review model and runtime requirements"
"external_service_gap","publishing","video and live hosting","PeerTube / MediaCMS / Owncast","https://github.com/Chocobozzz/PeerTube","Public server deployment","mixed","GAP EXTERNAL DEPLOYMENT","Local Store installation does not create a public service"
"service_backed_candidate","projects","team project management","Plane / Vikunja","https://github.com/makeplane/plane","Browser clients plus application/database services","AGPL-3.0","SERVICE-BACKED PROTOTYPE","Local use is plausible; public collaboration is separate"
"service_backed_candidate","crm","customer relationship management","Twenty","https://github.com/twentyhq/twenty","Browser client plus application/database services","mixed","SERVICE-BACKED PROTOTYPE","External integrations require connectors or reviewed egress"
"external_service_gap","scheduling","calendar booking","Cal.com","https://github.com/calcom/cal.com","Public booking and reminder service","mixed","GAP EXTERNAL SERVICE","A local-only runtime does not fill the public workflow"
"external_service_gap","documents","electronic signatures","Documenso","https://github.com/documenso/documenso","External identity delivery and audit service","AGPL-3.0","GAP EXTERNAL SERVICE","PDF.js/pdf-lib prepare documents only"
"external_service_gap","forms","hosted forms and response analytics","Formbricks","https://github.com/formbricks/formbricks","Public response deployment","AGPL-3.0 core","GAP EXTERNAL DEPLOYMENT","JSON Forms covers local authoring only"
"service_backed_candidate","internal_tools","internal app builder","Appsmith / ToolJet / Budibase","https://github.com/appsmithorg/appsmith","Browser clients plus service/database stacks","mixed","SERVICE-BACKED PROTOTYPE","Likely a privileged heavyweight runtime"
"service_backed_candidate","office","collaborative office suite","CryptPad / ONLYOFFICE","https://github.com/cryptpad/cryptpad","Browser clients plus sync/document services","AGPL-3.0","SERVICE-BACKED PROTOTYPE","Local use is plausible; Univer covers browser-only subsets"
"service_backed_candidate","research","general notebook and kernels","JupyterLab","https://github.com/jupyterlab/jupyterlab","Browser client plus kernel server","BSD-3-Clause","SERVICE-BACKED PROTOTYPE","Requires consequential command-runtime review"
"service_backed_candidate","analytics","shared business intelligence","Superset / Metabase","https://github.com/apache/superset","Browser clients plus analytics/database services","mixed","SERVICE-BACKED PROTOTYPE","Perspective and Vega-Lite cover browser-only analysis"
"non_js_alternative","maker","professional parametric CAD","FreeCAD","https://github.com/FreeCAD/FreeCAD","Native C++/Python/Qt GUI","LGPL-2.0+","NOT STORE-COMPATIBLE","JSCAD covers scripted browser CAD"
"gap","hardware","PCB and electronics design","KiCad","https://gitlab.com/kicad/code/kicad","Native C++ GUI","GPL-3.0","GAP","No selected replacement"
"non_js_alternative","maps","professional GIS","QGIS","https://github.com/qgis/QGIS","Native C++/Qt GUI","GPL-2.0+","NOT STORE-COMPATIBLE","kepler.gl covers browser visualization"
"gap","music","music notation","MuseScore","https://github.com/musescore/MuseScore","Native C++/Qt GUI","GPL-3.0","GAP","No selected replacement"
"non_js_alternative","music","professional DAW","LMMS","https://github.com/LMMS/lmms","Native C++/Qt GUI","GPL-2.0","NOT STORE-COMPATIBLE","GridSound and AudioMass cover browser workflows"
"gap","publishing","desktop publishing","Scribus","https://github.com/scribusproject/scribus","Native C++/Qt GUI","GPL-2.0+","GAP","Editor.js plus PDF tools cover only subsets"
"external_service_gap","publishing","CMS newsletters and knowledge base","Ghost / WordPress / BookStack","https://github.com/TryGhost/Ghost","Public server deployment","mixed","GAP EXTERNAL DEPLOYMENT","Local document and export packages cover authoring only"
"service_backed_candidate","assets","digital asset management","Immich / PhotoPrism","https://github.com/immich-app/immich","Browser clients plus indexing/media services","AGPL-3.0","SERVICE-BACKED PROTOTYPE","Prototype a local library runtime; no current Store app"
